<?xml version="1.0" encoding="UTF-8"?>
<project-private xmlns="http://www.netbeans.org/ns/project-private/1">
    <editor-bookmarks xmlns="http://www.netbeans.org/ns/editor-bookmarks/2" lastBookmarkId="0"/>
    <open-files xmlns="http://www.netbeans.org/ns/projectui-open-files/2">
        <group>
            <file>file:/C:/Users/lazgu/Desktop/Advanced%20Java%20Programming/Module%201/KcPoland_MA1/src/kcpoland_ma1/HotelRoom.java</file>
            <file>file:/C:/Users/lazgu/Desktop/Advanced%20Java%20Programming/Module%201/KcPoland_MA1/src/kcpoland_ma1/Person.java</file>
            <file>file:/C:/Users/lazgu/Desktop/Advanced%20Java%20Programming/Module%201/KcPoland_MA1/src/kcpoland_ma1/TravelAgencyEmployee.java</file>
            <file>file:/C:/Users/lazgu/Desktop/Advanced%20Java%20Programming/Module%201/KcPoland_MA1/src/kcpoland_ma1/House.java</file>
            <file>file:/C:/Users/lazgu/Desktop/Advanced%20Java%20Programming/Module%201/KcPoland_MA1/src/kcpoland_ma1/Customer.java</file>
            <file>file:/C:/Users/lazgu/Desktop/Advanced%20Java%20Programming/Module%201/KcPoland_MA1/src/kcpoland_ma1/Lodging.java</file>
            <file>file:/C:/Users/lazgu/Desktop/Advanced%20Java%20Programming/Module%201/KcPoland_MA1/src/kcpoland_ma1/Hotel.java</file>
            <file>file:/C:/Users/lazgu/Desktop/Advanced%20Java%20Programming/Module%201/KcPoland_MA1/src/kcpoland_ma1/LodgingReview.java</file>
            <file>file:/C:/Users/lazgu/Desktop/Advanced%20Java%20Programming/Module%201/KcPoland_MA1/src/kcpoland_ma1/KcPoland_MA1.java</file>
            <file>file:/C:/Users/lazgu/Desktop/Advanced%20Java%20Programming/Module%201/KcPoland_MA1/src/kcpoland_ma1/OrderDetails.java</file>
        </group>
    </open-files>
</project-private>
