<?xml version="1.0" encoding="UTF-8"?>
<project-private xmlns="http://www.netbeans.org/ns/project-private/1">
    <editor-bookmarks xmlns="http://www.netbeans.org/ns/editor-bookmarks/2" lastBookmarkId="0"/>
    <open-files xmlns="http://www.netbeans.org/ns/projectui-open-files/2">
        <group>
            <file>file:/C:/Users/lazgu/Desktop/Advanced%20Java%20Programming/Module%203/KcPoland_MA3/src/kcpoland_ma3/Registry.java</file>
            <file>file:/C:/Users/lazgu/Desktop/Advanced%20Java%20Programming/Module%203/KcPoland_MA3/src/kcpoland_ma3/ManagerView.java</file>
            <file>file:/C:/Users/lazgu/Desktop/Advanced%20Java%20Programming/Module%203/KcPoland_MA3/src/kcpoland_ma3/EmployeeView.java</file>
            <file>file:/C:/Users/lazgu/Desktop/Advanced%20Java%20Programming/Module%203/KcPoland_MA3/src/kcpoland_ma3/KcPoland_MA3.java</file>
            <file>file:/C:/Users/lazgu/Desktop/Advanced%20Java%20Programming/Module%203/KcPoland_MA3/src/kcpoland_ma3/Login.java</file>
            <file>file:/C:/Users/lazgu/Desktop/Advanced%20Java%20Programming/Module%203/KcPoland_MA3/src/kcpoland_ma3/State.java</file>
            <file>file:/C:/Users/lazgu/Desktop/Advanced%20Java%20Programming/Module%203/KcPoland_MA3/src/kcpoland_ma3/CustomerView.java</file>
        </group>
    </open-files>
</project-private>
