<?xml version="1.0" encoding="UTF-8"?>
<project-private xmlns="http://www.netbeans.org/ns/project-private/1">
    <editor-bookmarks xmlns="http://www.netbeans.org/ns/editor-bookmarks/2" lastBookmarkId="0"/>
    <open-files xmlns="http://www.netbeans.org/ns/projectui-open-files/2">
        <group>
            <file>file:/C:/Users/lazgu/Desktop/Advanced%20Java%20Programming/KcPoland_MA2/src/kcpoland_ma2/ManagerView.java</file>
            <file>file:/C:/Users/lazgu/Desktop/Advanced%20Java%20Programming/KcPoland_MA2/src/kcpoland_ma2/CustomerView.java</file>
            <file>file:/C:/Users/lazgu/Desktop/Advanced%20Java%20Programming/KcPoland_MA2/src/kcpoland_ma2/State.java</file>
            <file>file:/C:/Users/lazgu/Desktop/Advanced%20Java%20Programming/KcPoland_MA2/src/kcpoland_ma2/EmployeeView.java</file>
            <file>file:/C:/Users/lazgu/Desktop/Advanced%20Java%20Programming/KcPoland_MA2/src/kcpoland_ma2/Login.java</file>
            <file>file:/C:/Users/lazgu/Desktop/Advanced%20Java%20Programming/KcPoland_MA2/src/kcpoland_ma2/KcPoland_MA2.java</file>
            <file>file:/C:/Users/lazgu/Desktop/Advanced%20Java%20Programming/KcPoland_MA2/src/kcpoland_ma2/Order.java</file>
        </group>
    </open-files>
</project-private>
